,3.0,3.1,3.2,3.3,3.4,3.5,3.6,3.7,3.8,3.9,4.0,4.1,4.2,4.3,4.4,4.5,4.6,4.7,4.8,4.9,5.0,5.1,5.2,5.3,5.4,5.5,5.6,5.7,5.8,5.9,6.0,6.1,6.2,6.3,6.4,6.5,6.6,6.7,6.8,6.90.0,0.0,0.0,0.0,0.0,0.0,0.0,0.0,0.0,0.0,0.0,0.0,0.0,0.0,0.0,0.0,0.0,0.0,0.0,0.0,0.0,0.0,0.0,0.0,0.0,0.0,0.0,0.0,0.0,0.0,0.0,0.0,0.0,0.0,0.0,0.0,0.0,0.0,0.0,0.0,0.0
0.1,1.63333548091e-201,4.3591217981e-195,1.03866243306e-188,2.20494530086e-182,4.16125164541e-176,6.96567526349e-170,1.03175834138e-163,1.34889777225e-157,1.55246296909e-151,1.56855201467e-145,1.38720462219e-139,1.07053972155e-133,7.18561668634e-128,4.18038944916e-122,2.10019127973e-116,9.07578337166e-111,3.35947087831e-105,1.06039851851e-99,2.84043900182e-94,6.4234118714e-89,1.21947936537e-83,1.93183587562e-78,2.53674603751e-73,2.74125137878e-68,2.41839701582e-63,1.72659402791e-58,9.87833862301e-54,4.4796446271e-49,1.59032678117e-44,4.35786604649e-40,9.06834521774e-36,1.40598212553e-31,1.5878698751e-27,1.27103433395e-23,6.9707733772e-20,2.50806552906e-16,5.58667791666e-13,7.09511301483e-10,4.51650897734e-07,0.000113254118804
0.2,3.44920851507e-83,1.40481075846e-80,5.46405699117e-78,2.02789080256e-75,7.17500130109e-73,2.41794012229e-70,7.75342975548e-68,2.36333105114e-65,6.84025971794e-63,1.87779544833e-60,4.88354538197e-58,1.20167739602e-55,2.79401609087e-53,6.12979568462e-51,1.26703483725e-48,2.46356270828e-46,4.49812340507e-44,7.69838872732e-42,1.23259065319e-39,1.84235359477e-37,2.56491535904e-35,3.31777038252e-33,3.97671798076e-31,4.40383271496e-29,4.4911742253e-27,4.20300064398e-25,3.59502798663e-23,2.7980350094e-21,1.97163245005e-19,1.25062678177e-17,7.09388057302e-16,3.5705581681e-14,1.58015113567e-12,6.08062506873e-11,2.00680101043e-09,5.58100732733e-08,1.27746165007e-06,2.32747311664e-05,0.000320331021615,0.00301993598906
0.3,6.70304286593e-50,2.32769162819e-48,7.86632854729e-47,2.58580172025e-45,8.26358035687e-44,2.56598384826e-42,7.73754993169e-41,2.26441362153e-39,6.42741390928e-38,1.76829996116e-36,4.71205039731e-35,1.21527957631e-33,3.03119534936e-32,7.30569742785e-31,1.69994705283e-29,3.81527641747e-28,8.25081389844e-27,1.71743474906e-25,3.4369602511e-24,6.60448813371e-23,1.21699923497e-21,2.14730979373e-20,3.62212009721e-19,5.83096629306e-18,8.94125902271e-17,1.30322907751e-15,1.80130477586e-14,2.35480859947e-13,2.90292299915e-12,3.36321993265e-11,3.64769044116e-10,3.68672886814e-09,3.45360025548e-08,2.97895122848e-07,2.34684690648e-06,1.67115891928e-05,0.000106078241705,0.000588485663805,0.0027665099313,0.0104023430713
0.4,7.25467617419e-35,8.32848746301e-34,9.38407174361e-33,1.03739584308e-31,1.12478570042e-30,1.19564962604e-29,1.24559199038e-28,1.27117619999e-27,1.27029590008e-26,1.2424369833e-25,1.18878810267e-24,1.11217615135e-23,1.01682746716e-22,9.07981223155e-22,7.91403811657e-21,6.72867657056e-20,5.57661870176e-19,4.5019471986e-18,3.53730671249e-17,2.70281371527e-16,2.00645242324e-15,1.44569048617e-14,1.00990635732e-13,6.83167720821e-13,4.46934233332e-12,2.82357547917e-11,1.71986048798e-10,1.00818244626e-09,5.67609041187e-09,3.06204288791e-08,1.5785472508e-07,7.75218924733e-07,3.61320718187e-06,1.59112484507e-05,6.58308809521e-05,0.000254074152555,0.000906032950433,0.00294497092459,0.00854166886647,0.0212457265048
0.5,1.77529249007e-26,1.10235574964e-25,6.74988024153e-25,4.07456512783e-24,2.4241568436e-23,1.42105958623e-22,8.2055546327e-22,4.6656617946e-21,2.61148125017e-20,1.438401485e-19,7.79356156358e-19,4.1522996448e-18,2.17451710583e-17,1.11885125463e-16,5.65352816224e-16,2.8041025075e-15,1.36449052422e-14,6.51041734224e-14,3.044040795e-13,1.39385391906e-12,6.24609579502e-12,2.73715035633e-11,1.17201284964e-10,4.89915943437e-10,1.99728243706e-09,7.9325775046e-09,3.06564077521e-08,1.15125694156e-07,4.19472062362e-07,1.48032159401e-06,5.04961054715e-06,1.66107029146e-05,5.25454736831e-05,0.000159306756629,0.00046096439481,0.00126621954189,0.00327832515251,0.00791922473597,0.0175669332979,0.0347359987466
0.6,3.44219364699e-21,1.45390163929e-20,6.07350926581e-20,2.50877268792e-19,1.0244902732e-18,4.13507049093e-18,1.64924632268e-17,6.49844738199e-17,2.52896995492e-16,9.71785288643e-16,3.68608847259e-15,1.37974613434e-14,5.09485928797e-14,1.85531644756e-13,6.66040451633e-13,2.35620948965e-12,8.21070615185e-12,2.81715387902e-11,9.51262248399e-11,3.15958546825e-10,1.03172265865e-09,3.31010426679e-09,1.04276439322e-08,3.22322205708e-08,9.76825664063e-08,2.8999764745e-07,8.42574645792e-07,2.39328735207e-06,6.6378854479e-06,1.79521073862e-05,4.72675121705e-05,0.000120939050738,0.000300034576183,0.000719814646375,0.00166448881403,0.00369416988385,0.00782487173058,0.015692047706,0.0294222693039,0.0503824780853
0.7,1.401463237e-17,4.55678518808e-17,1.46828748338e-16,4.68778095497e-16,1.48269518931e-15,4.64500236321e-15,1.44107576715e-14,4.42657382145e-14,1.34597619624e-13,4.0504170655e-13,1.20601715162e-12,3.55215216938e-12,1.03466722957e-11,2.97961911166e-11,8.48094168779e-11,2.38514458537e-10,6.62563478548e-10,1.8173017262e-09,4.91978972697e-09,1.31403331928e-08,3.46108664577e-08,8.98575045955e-08,2.29827950673e-07,5.78771672279e-07,1.4341416615e-06,3.49423871524e-06,8.36469168375e-06,1.96564212803e-05,4.52988509705e-05,0.000102260756853,0.000225842615024,0.000487213085688,0.00102486370684,0.00209749563317,0.00416533918366,0.00799856757032,0.0147836053975,0.0261279191371,0.0437045874118,0.067874958514
0.8,5.67510445842e-15,1.52913755226e-14,4.08903018508e-14,1.08501215568e-13,2.85644653448e-13,7.45982276807e-13,1.93229011232e-12,4.96346086754e-12,1.26412090853e-11,3.19156433949e-11,7.98627747405e-11,1.98025449766e-10,4.86450005498e-10,1.18357292692e-09,2.8515705777e-09,6.80128894341e-09,1.60544080834e-08,3.74940814622e-08,8.6607651613e-08,1.97798927552e-07,4.46480586186e-07,9.9566966237e-07,2.19265023433e-06,4.76600074026e-06,1.02196932005e-05,2.1605510575e-05,4.50038067065e-05,9.22938615511e-05,0.000186197849331,0.00036918461153,0.000718630224784,0.00137153348757,0.00256264817292,0.00467904970786,0.00832963564469,0.0144155606108,0.0241594879125,0.0389940873277,0.0600919891311,0.0870026409091
0.9,5.2273267643e-13,1.22359444092e-12,2.84554045474e-12,6.57369435455e-12,1.5084030375e-11,3.43741172335e-11,7.77843701468e-11,1.74758034011e-10,3.89762605664e-10,8.62803900517e-10,1.89539555231e-09,4.13129527918e-09,8.93283943434e-09,1.915680514e-08,4.07375419803e-08,8.58828954447e-08,1.79454333346e-07,3.71556239352e-07,7.62075828917e-07,1.5479084643e-06,3.11261808468e-06,6.19424045937e-06,1.21945742388e-05,2.3740002944e-05,4.5680586873e-05,8.68359646715e-05,0.00016298221188,0.000301841897112,0.00055119871263,0.000991684243504,0.00175617731012,0.00305786120771,0.00522826456097,0.00876405577689,0.014375207282,0.0230144846306,0.0358442467339,0.0540521601519,0.0783368492523,0.1076130367
1.0,1.76666267704e-11,3.70879449147e-11,7.74183031234e-11,1.60672285546e-10,3.31495293446e-10,6.79834549969e-10,1.38569154326e-09,2.80680847157e-09,5.64916782076e-09,1.12959102247e-08,2.24367173832e-08,4.42620383155e-08,8.67094152333e-08,1.68650760158e-07,3.25624636106e-07,6.23975588342e-07,1.18644615926e-06,2.23800385189e-06,4.18698174986e-06,7.7670441368e-06,1.4282455441e-05,2.60261545008e-05,4.69821626848e-05,8.39874145881e-05,0.000148621043048,0.00026021940523,0.000450587551605,0.000771187558227,0.00130380419782,0.00217584833083,0.00358140969816,0.00580863513658,0.00927250378511,0.0145488128006,0.0223989500502,0.0337639107962,0.0496867906383,0.0710885611658,0.0982482410602,0.129590208161
1.1,3.31394141979e-10,6.81301804992e-10,1.08492517637e-09,2.06797020742e-09,3.921265756e-09,7.39608618531e-09,1.3874757326e-08,2.58850104869e-08,4.80197735307e-08,8.85701329268e-08,1.62402836717e-07,2.95991727346e-07,5.3614496901e-07,9.65016734222e-07,1.72570463889e-06,3.06550163288e-06,5.40828338581e-06,9.47444518926e-06,1.64775222041e-05,2.84429070949e-05,4.87183057826e-05,8.27807842275e-05,0.000139495023054,0.000233045334457,0.000385852671181,0.000632896558647,0.00102798262252,0.00165260719798,0.00262812485321,0.00413183559839,0.00641722633928,0.00983768305827,0.0148711613286,0.0221400032808,0.0324144887511,0.0465795037422,0.0655284530435,0.0899209118945,0.119676731666,0.152842499699
1.2,2.08687267078e-09,4.43821506591e-09,8.91692902178e-09,1.7015399045e-08,3.09822922042e-08,5.19796727778e-08,9.11664869532e-08,1.59108415704e-07,2.76288020438e-07,4.77303098475e-07,8.20237212162e-07,1.40198892305e-06,2.38316098278e-06,4.02815569388e-06,6.76923886389e-06,1.13080230017e-05,1.87747752518e-05,3.09761131158e-05,5.07762274775e-05,8.26772721854e-05,0.000133692713542,0.000214645003809,0.000342067291548,0.000540948146031,0.000848625933636,0.00132020802335,0.0020359432706,0.00311098410135,0.00470788531044,0.00705191697508,0.0104486903029,0.0153025178046,0.0221320794504,0.0315769535052,0.0443838133744,0.0613536093186,0.0832187445707,0.11039603325,0.142503167628,0.177295193502
1.3,8.55035316199e-09,1.84716972148e-08,3.77743457157e-08,7.35190144116e-08,1.36825656899e-07,2.44514576661e-07,4.21117964301e-07,7.01254640053e-07,1.18529172198e-06,1.93996223453e-06,3.16009636356e-06,5.12269543382e-06,8.26299033446e-06,1.32605864371e-05,2.1169856115e-05,3.36156853128e-05,5.30847780198e-05,8.33551670695e-05,0.000130123260103,0.000201909571167,0.000311351991643,0.000477029282186,0.000725996604559,0.00109725658939,0.00164642756773,0.00245189379361,0.00362271127755,0.00530846592257,0.00771108998195,0.0110982675989,0.015817399131,0.0223080057997,0.0311087449251,0.0428525919806,0.0582397913764,0.077972062767,0.10262130784,0.132385635883,0.166630736169,0.202885875089
1.4,2.59643686763e-08,5.6439914033e-08,1.16266360077e-07,2.28201249908e-07,4.28771658691e-07,7.74427798049e-07,1.34951113752e-06,2.27629218306e-06,3.72732851863e-06,5.94040169509e-06,9.88319956251e-06,1.53259296867e-05,2.36589208485e-05,3.63540738325e-05,5.55967551247e-05,8.46113830564e-05,0.000128124498805,0.000193017415058,0.000289237098479,0.000431054053487,0.000638779378256,0.00094107877971,0.00137804670709,0.00200522426658,0.00289875230759,0.00416183335577,0.00593261354288,0.00839345985846,0.0117813583308,0.0163987388311,0.022623365475,0.0309149144579,0.0418143505078,0.0559299972168,0.0739009152005,0.0963231077439,0.123615240511,0.155781887441,0.191979373752,0.229561373134
1.5,6.0993443586e-08,1.3279951287e-07,2.74185192599e-07,5.39695212906e-07,1.01752618921e-06,1.84512871663e-06,3.22979991598e-06,5.47518199587e-06,9.01465262789e-06,1.44526993497e-05,2.26155389548e-05,3.46125050966e-05,5.19101204089e-05,8.63117441927e-05,0.000127273804315,0.000186841247236,0.000273034290381,0.00039711349021,0.00057478200872,0.000827782189411,0.00118599079693,0.00169013246732,0.00239524125687,0.00337500019963,0.00472707015666,0.00657946974026,0.0090979703474,0.0124943002945,0.0170346771837,0.0230477646593,0.0309305213341,0.0411494987977,0.0542338429815,0.0707543860118,0.0912804630153,0.116301731164,0.146094380595,0.180493544042,0.218481794448,0.257275658691
1.6,1.21919321338e-07,2.65249036146e-07,5.47442396765e-07,1.07754293063e-06,2.03218893003e-06,3.68727647267e-06,6.45997790045e-06,1.09631224268e-05,1.80741174895e-05,2.90208205277e-05,4.54871036348e-05,6.9741337699e-05,0.000104791715396,0.000154573300269,0.00022417301121,0.00032010052459,0.000526647047617,0.000743230836354,0.00104421176929,0.00146033643533,0.00203259322044,0.00281520083884,0.00387928251874,0.00531729760651,0.00724826360346,0.00982373050605,0.0132343511117,0.0177167062556,0.0235597673967,0.0311099776245,0.04077336265,0.0530122862289,0.0683333509317,0.0872613638194,0.110291934302,0.137811436719,0.169965812038,0.206442776719,0.246080629472,0.285988354171
1.7,2.185911038e-07,4.74526748821e-07,9.77476487846e-07,1.9207186697e-06,3.61694456185e-06,6.55400882042e-06,1.14688245587e-05,1.94428532964e-05,3.20228773795e-05,5.13710418615e-05,8.04485702797e-05,0.000123238156227,0.000185010876379,0.000272644630716,0.000395002666052,0.000563382758549,0.000792050203917,0.00109887097936,0.00150606538813,0.00240449302587,0.00326391123738,0.00441038594971,0.00593151970484,0.00793829780421,0.0105699729295,0.0139993966886,0.0184385511532,0.0241438478153,0.0314204975098,0.0406248874202,0.052163396499,0.0664853902118,0.0840671825426,0.105382397122,0.130852103918,0.16076463963,0.195148179134,0.233562634406,0.27472633422,0.31566364427
1.8,3.59495045216e-07,7.7810761617e-07,1.59839278261e-06,3.13261275105e-06,5.88446055399e-06,1.06374815677e-05,1.85717259717e-05,3.14137019297e-05,5.16248936869e-05,8.26343348864e-05,0.00012912105046,0.000197352667628,0.000295587211901,0.000434546104425,0.000627967708404,0.000893252465368,0.00125221272599,0.00173194279235,0.00236582737666,0.00319470949426,0.00426824146458,0.00564644470184,0.0086489375836,0.0113360253714,0.0147877652996,0.0191954697919,0.0247884930821,0.0318379769205,0.0406592262002,0.0516116539358,0.0650947925913,0.0815382717047,0.101382839728,0.125048325408,0.152882595925,0.185082356272,0.221570069292,0.261795035565,0.304375631979,0.346269460494
1.9,5.51453528278e-07,1.18965872888e-06,2.43607150605e-06,4.75974603725e-06,8.91438292408e-06,1.6067885335e-05,2.79721715563e-05,4.71799017882e-05,7.7314764406e-05,0.000123401920124,0.000192265194903,0.000292997713299,0.000437512929616,0.000641183480454,0.000923575956794,0.00130929054799,0.00182891546814,0.00252010699725,0.00342880662699,0.00461060683538,0.0061322758803,0.00807344886712,0.0105284859549,0.0136084870134,0.0174434324392,0.0254849858856,0.0323443379203,0.0408428467377,0.0513003696744,0.0640734596724,0.0795490577775,0.0981321178953,0.120224514408,0.146191532328,0.176310559462,0.210693564958,0.249168564841,0.291089180993,0.334990338352,0.377776857238
2.0,7.9909411892e-07,1.71804043145e-06,3.50642390006e-06,6.82895764659e-06,1.2749199899e-05,2.29080653173e-05,3.97560771983e-05,6.68473844766e-05,0.000109203154078,0.000173751408138,0.000269849791667,0.000409897203344,0.000610039750678,0.00089097611699,0.00127886712381,0.00180635395589,0.00251368903749,0.00344998267272,0.00467456694114,0.00625847547213,0.00828603289303,0.0108565399395,0.0140860279796,0.0181090379473,0.0230803503964,0.0291765511734,0.0365972546179,0.0455657136203,0.0633537978877,0.0780012780154,0.0954987611336,0.116223085063,0.140535466383,0.168747219411,0.20106881466,0.23753444348,0.277887989973,0.321400296225,0.366536459864,0.410159525308
2.1,1.10466017036e-06,2.36704185538e-06,4.81513899358e-06,9.3474624692e-06,1.73953662749e-05,3.1157351649e-05,5.39015456257e-05,9.03453745199e-05,0.000147120441159,0.000233329367515,0.000361199985622,0.000546840835131,0.000811100507425,0.00118053196884,0.00168846154601,0.00237616064313,0.00329411628173,0.00450339390881,0.00607708218748,0.00810180408736,0.0106792707404,0.0139278431446,0.0179840504038,0.0230039897417,0.0291645001621,0.0366639543061,0.0457224459973,0.0565810557321,0.069499740443,0.0847531980486,0.112910426115,0.135764650324,0.162259596942,0.192654089734,0.227095697763,0.265547592233,0.307678845877,0.352688630124,0.398983493011,0.443393406283
2.2,1.46809538093e-06,3.13567689354e-06,6.35851038599e-06,1.23048762194e-05,2.28278243196e-05,4.07609513905e-05,7.02972581709e-05,0.000117460638105,0.000190677756749,0.000301455946591,0.000465170397947,0.000701961481018,0.00103774055059,0.00150530006757,0.00214552125482,0.00300866964439,0.00415576553486,0.00566001222799,0.00760825949569,0.0101024724388,0.0132611659395,0.0172207512255,0.022136722256,0.0281845838118,0.0355603877537,0.0444806953311,0.0551817166299,0.0679172859789,0.0829552035883,0.100571292303,0.121040257569,0.144622053683,0.171541869527,0.217854650568,0.254334746284,0.294681297276,0.338496914044,0.384918652477,0.432303871963,0.477456382288
2.3,1.88731376479e-06,4.01883804853e-06,8.12490860965e-06,1.56763288705e-05,2.89962335277e-05,5.16218157351e-05,8.87641028697e-05,0.000147875349025,0.000239330885637,0.000377229109209,0.000580309860876,0.000872987907277,0.00128649465113,0.00186011759724,0.00264252340884,0.00369314645567,0.00508362033196,0.00689922455955,0.00924031212747,0.0122236750545,0.0159837940295,0.0206739033994,0.0264667830526,0.0335551623982,0.0421515863968,0.0524875463433,0.0648116144744,0.0793862351555,0.0964827069765,0.116373724894,0.1393226157,0.165568052358,0.195302497411,0.228641752831,0.265581460909,0.305933441218,0.37030250428,0.418058406615,0.466472528047,0.512328023164
2.4,2.35857147904e-06,5.00812856939e-06,1.00965358341e-05,1.94259717231e-05,3.5831647886e-05,6.36128025425e-05,0.000109076446112,0.000181202920826,0.00029243855338,0.000459616392653,0.000705001458872,0.00105745226971,0.00155368576839,0.00223962819106,0.0031718298162,0.00441891678171,0.00606304798513,0.00820133914714,0.0109472089634,0.0144315933165,0.0188039620527,0.0242330579348,0.0309072579214,0.0390344313859,0.0488411362986,0.0605709500253,0.0744816724408,0.0908410599367,0.109920641217,0.131987016198,0.157289825726,0.186045263294,0.218413507636,0.254467640862,0.294150162379,0.337210351612,0.383109413332,0.430864049366,0.478747053241,0.547989378011
2.5,2.87687399402e-06,6.09273687959e-06,1.22512014337e-05,2.3510403701e-05,4.32528266221e-05,7.65878122305e-05,0.00013098101847,0.0002170188725,0.000349311146328,0.000547529313061,0.000837572620342,0.00125284807552,0.00183564492726,0.00263857880559,0.00372607539858,0.00517585824624,0.00708039966997,0.00954828768018,0.0127054544699,0.0166962032595,0.0216839591324,0.0278516552726,0.0354016476411,0.0445550272873,0.0555501684326,0.068640309775,0.0840899127638,0.102169468853,0.123148330263,0.147285003149,0.17481414729,0.205929234999,0.240759362759,0.27933793799,0.32155956407,0.367118658022,0.415417095397,0.465411956305,0.515322339335,0.561876553124
2.6,3.43637203177e-06,7.26026278984e-06,1.45639538595e-05,2.78817366667e-05,5.11717323882e-05,9.03912372921e-05,0.000154212520788,0.000254885653838,0.000409248819942,0.000639879892271,0.000976376205408,0.00145674269857,0.00212886215181,0.00305201515725,0.00429841172628,0.00595469088286,0.0081233389778,0.0109239714339,0.0144944157584,0.0189915254085,0.0245916438396,0.031490625039,0.0399033001153,0.0500622578894,0.0622157793331,0.0766247289849,0.0935581580303,0.113287308953,0.136077623322,0.16217823054,0.191808216013,0.225138695496,0.262269288254,0.303196841909,0.347772901149,0.39564366928,0.446160020098,0.498228926492,0.550025461565,0.598245811582
2.7,4.03071766879e-06,8.49744348168e-06,1.70084816454e-05,3.24901663068e-05,5.94980343423e-05,0.000104865514829,0.000178505784328,0.000294371477467,0.000471569588812,0.000735621040381,0.00111984645124,0.00166685198087,0.00243008196003,0.00347539847489,0.00488264210427,0.00674712247535,0.00918098194221,0.0123143701515,0.0162963611055,0.0212955370471,0.0275001544769,0.0351177961475,0.0443743981165,0.055512521773,0.0687887157598,0.0844697799084,0.102827699806,0.124132962081,0.148645880012,0.17660544521,0.208215054048,0.243624201108,0.282904816468,0.326020206614,0.372783224728,0.422797583,0.475370056319,0.529365140895,0.582921395365,0.632708959538
2.8,4.65336609177e-06,9.79075599e-06,1.9558251411e-05,3.7286014409e-05,6.8142602634e-05,0.000119856843394,0.000203604731118,0.000335063791281,0.000535628766396,0.000833773455134,0.00126653458492,0.00188108513115,0.002736356786,0.00390466445036,0.00547327964942,0.00754589449922,0.0102439130074,0.0137075017121,0.018096326504,0.0235898964302,0.030387427749,0.0387071318234,0.04878481779,0.0608716843049,0.0752311527154,0.0921345648737,0.111855529773,0.134662650071,0.160810285691,0.19052690585,0.22400042347,0.2613596612,0.302650696671,0.347806133806,0.396604031441,0.44861052675,0.503094042965,0.558882775592,0.614084680253,0.665348490786
2.9,5.29781847756e-06,1.11268923444e-05,2.21873861137e-05,4.22212687318e-05,7.70200772044e-05,0.000135219268749,0.000229268576724,0.000376578265357,0.000600831369018,0.000933441860486,0.00141512881106,0.00209756745288,0.00304506994103,0.00433624167808,0.00606555328254,0.00834476348236,0.0113041241062,0.0150932945432,0.0198818890858,0.0258595759427,0.0332356408203,0.0422379201711,0.053110998701,0.0661135515711,0.0815146926309,0.0995891642219,0.120611168961,0.144846595402,0.17254332102,0.203919176527,0.23914700569,0.278336018832,0.321508246834,0.368568213157,0.419262638382,0.473124310171,0.529388110342,0.586850977126,0.643594972169,0.696251022157
3.0,5.95780789881e-06,1.24931153905e-05,2.48713070783e-05,4.72506786529e-05,8.60506397915e-05,0.000150817401657,0.000255275778519,0.000418564203585,0.000666639053929,0.00103382317825,0.00156446279702,0.00231464722428,0.0033539374871,0.00476704304101,0.00665538036294,0.00913844305602,0.0123549099031,0.0164634146454,0.0216428986531,0.0280924645605,0.0360306447661,0.0456939927924,0.0573348971032,0.0712185051474,0.0876186289234,0.106812480503,0.129074054175,0.154665927202,0.183829187095,0.216771098961,0.253649982362,0.294556537766,0.339490478651,0.38833064414,0.440795472418,0.496388040784,0.554313738254,0.61334239962,0.671533985589,0.725504445566
3.1,6.62743384466e-06,1.38775095997e-05,2.75871729943e-05,5.23324777287e-05,9.51611318518e-05,0.000166528038122,0.000281426216619,0.000460707218824,0.000732572977172,0.00113420883658,0.00171351603771,0.00253089174726,0.0036609962289,0.00519444007172,0.00723931949085,0.00992252436678,0.0133907415405,0.0178110744816,0.0233711992766,0.0302789753842,0.0387614271606,0.0490630081195,0.0614430534905,0.0761723169743,0.0935284734538,0.113790449131,0.137231411605,0.164110210877,0.19466100169,0.229080687165,0.267513683979,0.310033284775,0.356618514837,0.40712470438,0.461244708709,0.518455037859,0.577935015112,0.638430820696,0.697983400928,0.753195981299
3.2,7.30125268699e-06,1.5269143676e-05,3.03141518275e-05,5.7428805492e-05,0.000104285656172,0.000182240931902,0.000307542040563,0.000502729891793,0.000798213723743,0.00123398299372,0.00186140875122,0.00274507638981,0.00396458316401,0.00561622750687,0.0078145129219,0.0106933867905,0.0144071334382,0.0191308407431,0.0250603598944,0.0324116780152,0.0414196226326,0.0523358147212,0.065425782522,0.0809651406262,0.0992347267402,0.120514570446,0.145076541671,0.173175487566,0.205038608704,0.240852738013,0.280749049445,0.324784502329,0.372918952397,0.424986188616,0.480655869098,0.539380660375,0.600316737375,0.662189511184,0.723023449063,0.779410867609
3.3,7.97433187711e-06,1.66581618773e-05,3.30335602378e-05,6.25058954164e-05,0.000113365785334,0.000197858935712,0.000333467546136,0.000544391003387,0.000863199229121,0.00133261805938,0.00200739331408,0.00295616944344,0.00426331022508,0.00603058306976,0.00837862497314,0.0114481067265,0.0154005122252,0.0204184510441,0.0267054242882,0.0344849654293,0.043999078762,0.0555058975481,0.0692764811148,0.0855906642153,0.104731861675,0.126980715102,0.152607443742,0.181862724593,0.214966871181,0.25209699522,0.293371701279,0.338832646093,0.38842192167,0.441953551981,0.499076108953,0.559220784514,0.621523102448,0.68469013601,0.7467319741,0.804231501797
3.4,8.64227533068e-06,1.80358197098e-05,3.57289015466e-05,6.75340874384e-05,0.000122350481679,0.000213297690474,0.000359068377164,0.00058548380632,0.000927221401421,0.00142966855509,0.00215084371244,0.00316331481678,0.0045560369836,0.00643602587743,0.00892978057029,0.0121843693109,0.0163680931329,0.0216706449767,0.0283026853475,0.036494758798,0.0464954780274,0.058568903408,0.0729910445127,0.0900454058131,0.110017489977,0.133188157476,0.159825718092,0.190176594473,0.224454343845,0.262826740398,0.305400488527,0.352202920257,0.403159659449,0.458066567385,0.516553001128,0.578030745984,0.641616823513,0.706002031583,0.7691838353,0.827736902437
3.5,9.30122670601e-06,1.93944777252e-05,3.83858288255e-05,7.24877138933e-05,0.000131195814426,0.00022848500626,0.00038423028338,0.000625833693477,0.0009900219762,0.00152476407679,0.00229124406412,0.00336581396994,0.00484184311244,0.00683137567506,0.00946650650375,0.0129003858608,0.0173077666735,0.0228850119838,0.0298494851416,0.0384382500603,0.0489060128587,0.0615222386962,0.0765673777865,0.0943281315374,0.115091682327,0.139138796978,0.166735692097,0.198124515204,0.233512242736,0.273057713568,0.316856385544,0.364922186744,0.417165463509,0.473365359986,0.533133680816,0.595864616745,0.660658545757,0.726191750887,0.790450549831,0.850002399925
3.6,9.89934259737e-06,2.06310160641e-05,4.08095244411e-05,7.70154139166e-05,0.000139294155829,0.0002424093938,0.000407326965723,0.000662907545236,0.00104776850003,0.00161225937525,0.00242048139442,0.00355227031885,0.0051050543499,0.00719549457806,0.00996081455848,0.0135597274698,0.0181728733733,0.0240026846211,0.0312726037026,0.0402255840123,0.0511218094007,0.0642355721759,0.0798512506545,0.0982583254832,0.119745367614,0.144592918381,0.17306516116,0.205400250789,0.241799114845,0.282412459319,0.327325580716,0.376540371582,0.429953537245,0.487329374519,0.548264179658,0.612136678788,0.678032699746,0.744615908106,0.809862985455,0.870335148781
3.7,1.04269894438e-05,2.17266473964e-05,4.29652649844e-05,8.10560592232e-05,0.000146542559668,0.000254904374917,0.000428099070656,0.000696315032794,0.00109989209835,0.00169134992626,0.00253744972814,0.00372120390933,0.00534374081632,0.00752592820675,0.0104096589912,0.0141587057325,0.0189590556543,0.0250186447286,0.0325664169814,0.0418506426552,0.0531364355131,0.0667024145665,0.0828364580409,0.101830496527,0.123974286827,0.149548096405,0.178814208082,0.212007121985,0.249322280263,0.290903058984,0.336825641614,0.387081173739,0.44155422969,0.499995954643,0.561988961539,0.626898385937,0.693797320651,0.761338433239,0.827490035186,0.888807899979
3.8,1.09279236077e-05,2.27686084747e-05,4.50183202751e-05,8.49086841107e-05,0.000153460063835,0.00026683752424,0.000447947862819,0.000728249670486,0.00114972948503,0.00176697971,0.00264929932372,0.00388272735195,0.00557191205755,0.00784171584408,0.0108384566728,0.0147306907893,0.0197094480122,0.0259878389147,0.0337999620786,0.0433990483499,0.0550547868572,0.0690497836494,0.0856751073352,0.105224876118,0.127989835954,0.154249868603,0.18426534866,0.21826723644,0.256445742498,0.298937318757,0.345809601373,0.397043715891,0.452512986119,0.511956420812,0.574944067083,0.640828640855,0.708671656622,0.777115838463,0.844121975885,0.906240956252
3.9,1.14011786364e-05,2.37550122943e-05,4.69652308124e-05,8.85673061199e-05,0.000160036877596,0.000278193646551,0.000466850965586,0.000758680236003,0.00119723956262,0.00183909818027,0.00275597325684,0.00403678467587,0.00578952673854,0.00814285340769,0.0112472753931,0.0152758724273,0.0204244317068,0.0269109327821,0.0349743092568,0.044872427598,0.0568792323027,0.0712810137724,0.0883717596639,0.108447551264,0.131799962419,0.158708408094,0.189431370397,0.224196397962,0.263188723714,0.306538265357,0.354304643104,0.406459634496,0.462866116847,0.523251879978,0.58717540574,0.653978029703,0.722710705869,0.792007134362,0.859821314694,0.922699724947
4.0,1.18461877246e-05,2.46847547562e-05,4.88039930417e-05,9.20285256407e-05,0.000166267599477,0.000288964717835,0.000484797301692,0.000787592723448,0.00124240665839,0.0019076912529,0.00285746546705,0.00418338902061,0.00599663508294,0.00842945517701,0.0116363323172,0.0157946244914,0.0211046093683,0.027788851614,0.0360908254591,0.0462727362323,0.0586124945599,0.0733998049678,0.0909313358394,0.111504939134,0.135412884782,0.162934064633,0.194325101874,0.229810270068,0.269570075188,0.313728273293,0.362336966591,0.415359205729,0.472648156486,0.533921220586,0.598726213014,0.666394014693,0.735965918478,0.806067406168,0.874646322468,0.938245146723
4.1,1.22627258807e-05,2.55574000098e-05,5.05338429849e-05,9.529113548e-05,0.000172150540933,0.000299148756732,0.000501785273897,0.000814987502295,0.00128523621713,0.00197277495379,0.00295381162965,0.00432260983485,0.0061933613313,0.00870173027903,0.0120059631244,0.0162874651983,0.0217507549645,0.0286227185102,0.037151099273,0.0476021701361,0.0602575459927,0.0754101037653,0.0933589828098,0.114403640661,0.138836936032,0.166937201252,0.198959247546,0.235124214873,0.275608127238,0.320528933534,0.369931683858,0.423771276027,0.481891836905,0.544001134005,0.609637124333,0.678121061466,0.748485374919,0.819348037177,0.888651292142,0.952933975995
4.2,1.26508567769e-05,2.63730756716e-05,5.2155059659e-05,9.83557682643e-05,0.0001776871193,0.000308748817896,0.000517821152342,0.000840876815099,0.00132575103183,0.00203438989585,0.00304508127042,0.0044545618906,0.00637988878654,0.00895996277731,0.0123565960552,0.016755023998,0.0223637723257,0.0294138034927,0.0381568796887,0.0488630929875,0.0618175250603,0.077316008547,0.0956599687685,0.117150326996,0.142080443809,0.170728071577,0.203346266405,0.240153178216,0.281320586689,0.326960969746,0.377112760836,0.431723235704,0.490628098646,0.553526168428,0.619946274304,0.689200784252,0.7603139748,0.831896935759,0.901886795726,0.966819057406
4.3,1.30108846348e-05,2.71323783994e-05,5.36687887713e-05,0.000101224581797,0.000182881318908,0.000317772103167,0.000532917658469,0.0008652825925,0.00136398797108,0.00209259651171,0.00313137099945,0.0045793959136,0.00655644713873,0.00920449490305,0.0126887301986,0.0171980140359,0.0229446609261,0.0301634818307,0.0391100263528,0.0500579780724,0.063295669664,0.0791216948427,0.0978396013536,0.119751652192,0.145151639849,0.174316729038,0.207498284695,0.244911610296,0.286724470407,0.333044190072,0.383902992871,0.439241023449,0.498886129092,0.562528804316,0.629689411533,0.699672100196,0.771493628586,0.843758759876,0.914399934744,0.97994959356
4.4,1.33433112134e-05,2.78362897903e-05,5.50768863173e-05,0.000103900981121,0.00018773921719,0.000326229183605,0.00054709273158,0.000888234559586,0.00139999515752,0.00214747096535,0.00321279874069,0.00469729063781,0.00672330177934,0.00943571300444,0.0130029174132,0.0176172093814,0.0234944877873,0.0308732000823,0.0400124693673,0.051189361689,0.0646952643117,0.0808313567964,0.0999031644191,0.122214186808,0.148058592521,0.177712961043,0.211427034996,0.249413413475,0.291836066039,0.338797465298,0.390324004834,0.44634915267,0.506693418751,0.57103954343,0.638900021934,0.709571386867,0.782063447326,0.854975135099,0.926234580778,0.992371400959
4.5,1.36487977746e-05,2.84861022327e-05,5.63817811473e-05,0.000106389375179,0.000192268571394,0.000334133323805,0.000560368462215,0.000909768605826,0.00143382955057,0.00219910166691,0.00328949883811,0.00480844610348,0.00688074483901,0.00965403583262,0.0132997473519,0.0180134262885,0.0240143645262,0.0315444485734,0.040866176992,0.0522598060782,0.066019598553,0.082449161719,0.101855869714,0.124544368167,0.150809157591,0.180926242651,0.215143815685,0.253671910795,0.296670913185,0.344238726443,0.396396268868,0.453070752895,0.514075829311,0.579087005726,0.647609455556,0.718932638766,0.792059927067,0.865584863562,0.93743160411,1.00412715241
4.6,1.39281317713e-05,2.90833541221e-05,5.75863552241e-05,0.000108694965452,0.000196478460833,0.000341499899175,0.000572770175894,0.000929925390648,0.00146555488778,0.00224758631843,0.00336161792799,0.00491307803383,0.00702908770969,0.00985990482567,0.0135798351188,0.01838750786,0.0245054287115,0.0321787392291,0.0416731298748,0.0532718701645,0.0672719345868,0.0839792152112,0.103702820504,0.126748463832,0.153410943307,0.183965705415,0.218659466041,0.257699830192,0.301243799775,0.349384976454,0.402139134526,0.459427621218,0.5210576688,0.586698029942,0.6558470534,0.727787620024,0.801517125842,0.87562412232,0.94802908936,1.01525660499
4.7,1.41821979306e-05,2.96297737287e-05,5.86938401086e-05,0.000110823563733,0.000200378979374,0.000348345896692,0.000584325650962,0.000948749157755,0.00149523994162,0.00229302942357,0.00342931147616,0.00501141314211,0.00716865483843,0.0100537760934,0.0138438111538,0.0187403115687,0.0249688288178,0.0327775878456,0.0424353006581,0.0542280866869,0.0684554823193,0.0854255348041,0.105448984742,0.12883254557,0.15587128673,0.186840117984,0.221984353335,0.261509300505,0.305568769616,0.354252311973,0.407570867355,0.465440280066,0.527661770478,0.59389777497,0.663640271811,0.73616601145,0.810466831922,0.8851266503,0.958062537689,1.02579681335
4.8,1.44119533575e-05,3.0127230941e-05,5.9707728138e-05,0.000112781436124,0.000203980972876,0.00035468948993,0.000595064455017,0.000966286732887,0.001522957052,0.00233554020024,0.00349274088934,0.00510368523693,0.00729977860618,0.0102361138447,0.0140923129956,0.019072699175,0.0254057121739,0.0333425000361,0.0431546380056,0.0551309445458,0.0695733804581,0.0867920304495,0.107099175846,0.130802471569,0.158197238838,0.189557875782,0.225128368999,0.265111856269,0.309659138038,0.358855952105,0.412708692952,0.47112803851,0.533909572997,0.60070981991,0.671014802833,0.744095550763,0.818938722645,0.894123923577,0.967565055554,1.03578232845
4.9,1.46184062749e-05,3.05776960984e-05,6.06316967671e-05,0.000114575170407,0.000207295816502,0.000360549679615,0.000605017385423,0.000982586681797,0.00154878089808,0.0023752308414,0.00355207111987,0.00519013200994,0.00742279512885,0.010407385034,0.014325978622,0.019385528645,0.0258172153999,0.0338749602073,0.043833054253,0.0559828753967,0.0706286824858,0.0880824904993,0.108658039526,0.132663875178,0.160395556444,0.192126997621,0.228100931632,0.268518448932,0.313527513257,0.363210271846,0.417568844305,0.476509055129,0.53982120008,0.607156261416,0.677994689471,0.751602165364,0.826960513565,0.902645319014,0.976567530335,1.04524538222
5.0,1.48025980158e-05,3.09832051419e-05,6.14695445937e-05,0.000116211564086,0.000210335227138,0.000365945991623,0.000614216000647,0.000997698607337,0.00157278747717,0.00241221507525,0.00360746869258,0.0052709924046,0.00753804083942,0.0105680550354,0.0145454411138,0.0196796477371,0.0262044569044,0.0343764230339,0.0444724160219,0.0567862436934,0.0716243465651,0.0893005720719,0.110130045386,0.134422158713,0.162472699382,0.194555127579,0.23091099505,0.271739462692,0.317185821645,0.367328838427,0.422166610754,0.48160040095,0.545415538501,0.613257807375,0.684602435242,0.758710097361,0.834558097923,0.910718266558,0.985098793308,1.05421605866
5.1,1.49655878979e-05,3.13458303498e-05,6.22251376814e-05,0.000117697530582,0.000213111106514,0.00037089822503,0.000622692230417,0.00101167256678,0.00159505326153,0.00244660698196,0.00365910009173,0.00534650447776,0.0076458497298,0.010718584179,0.0147513244222,0.0199558889734,0.0265685310846,0.0348483069811,0.0450745372517,0.057543339523,0.0725632286009,0.0904497949081,0.111519482299,0.136082491231,0.164434831705,0.196849540818,0.233567060033,0.274784733553,0.320645335517,0.371224449249,0.426516387376,0.48641812142,0.550710313521,0.61903386633,0.690859107695,0.76544202079,0.841755676671,0.918368390662,0.993185770598,1.06272245219
5.2,1.51084406339e-05,3.16676559744e-05,6.2902364894e-05,0.000119040021256,0.000215635411048,0.000375426243543,0.000630478053945,0.00102455859257,0.00161565450779,0.00247852002915,0.00370713045369,0.00541690367845,0.00774655114787,0.0108594250116,0.0149442400591,0.0202150657605,0.0269105039285,0.0352919895058,0.0456411741966,0.0582563736941,0.0734480778269,0.091533537988,0.112830456718,0.137649809337,0.166287825923,0.199017152303,0.236077188668,0.277663570502,0.323916702392,0.374909170419,0.430631723917,0.490977296688,0.555722161238,0.624502632318,0.69678443578,0.771819151163,0.848575879396,0.925619641344,1.00085362279,1.07079081395
5.3,1.52322159575e-05,3.19507581532e-05,6.35051010708e-05,0.000120245961191,0.00021792004479,0.00037954980437,0.000637605236685,0.00103640630171,0.0016346666966,0.00250806629354,0.00375172251869,0.00548242147812,0.00784046806071,0.0109910201595,0.0151247845514,0.0204579694593,0.0272314097706,0.0357088036264,0.0461740220133,0.0589274746331,0.0742815343993,0.0925550383202,0.114066893274,0.139128820309,0.168037269502,0.201064527599,0.238449020459,0.280384778,0.327009974925,0.378394375168,0.434525372645,0.495292099693,0.560466697505,0.629681164964,0.702396901129,0.777861347594,0.85503987657,0.932494415493,1.00812587391,1.07844568691
5.4,1.53379601727e-05,3.21971885243e-05,6.4037176987e-05,0.000121322196829,0.000219976772294,0.000383288419232,0.000644105117222,0.00104726458078,0.00165216408313,0.00253535584033,0.00379303580124,0.00554328429644,0.00792791570772,0.011113800696,0.0152935375296,0.0206853672361,0.0275322489889,0.0361000356052,0.0466747126325,0.0595586867259,0.075066128578,0.0935173914238,0.115232537115,0.140524006971,0.169688472998,0.202997895115,0.240689789569,0.282956679146,0.329934640928,0.381690781622,0.438209334683,0.499375851744,0.564958583265,0.634585464813,0.707713823391,0.78358720781,0.861167483613,0.939013669041,1.01502453049,1.08571003041
5.5,1.54266993628e-05,3.24089610366e-05,6.45023551549e-05,0.00012227545381,0.000221817148545,0.000386661242883,0.000650008436911,0.00105718133534,0.00166821934136,0.00256049623573,0.00383122594439,0.00559971267477,0.00800920057903,0.0112281849246,0.0154510603395,0.0208980005556,0.0278139864715,0.0364669235307,0.0471448136594,0.0601519698071,0.07580428115,0.0944235531168,0.116330957576,0.141839633824,0.171246479351,0.204823159279,0.242806342673,0.285387139028,0.332699653031,0.384808489549,0.441694904541,0.503241075409,0.569211586203,0.639230543977,0.71275143983,0.789014156422,0.866977257259,0.9451970206,1.02157019147,1.09260533516
5.6,1.54994340235e-05,3.25880415e-05,6.49043106289e-05,0.000123112303537,0.000223452463474,0.000389686985047,0.000655345205841,0.00106620329378,0.00168290328773,0.00258359217161,0.00386644422829,0.00565192065623,0.00808461966421,0.0113345775083,0.0155978950849,0.0210965841975,0.0280775507067,0.036810656624,0.0475858280932,0.0607091995511,0.0764983048188,0.0952763422987,0.117365552826,0.143079754105,0.172716073942,0.206545914276,0.244805157071,0.287683587921,0.335313457679,0.387757015827,0.444992712648,0.506899544615,0.573238638767,0.64363049223,0.717524979467,0.79415852683,0.872486584732,0.951062847182,1.02778214951,1.09915172912
5.7,1.55571349128e-05,3.27363394716e-05,6.52466160758e-05,0.000123839137166,0.00022489369885,0.000392383842226,0.000660144599542,0.00107437585719,0.00169628467153,0.00260474518412,0.00389883720742,0.00570011533776,0.00815445992471,0.0114333688828,0.015734564021,0.0212818056991,0.0283238333753,0.0371323751241,0.0479991946954,0.0612321685673,0.0771504063303,0.0960784444749,0.11833955522,0.144248217457,0.174101795134,0.208171458036,0.246692358744,0.289853044055,0.337784023231,0.390545328454,0.448112765809,0.510362331957,0.577051892617,0.647798538746,0.72204873204,0.799035637174,0.877711766228,0.956628372576,1.0336784845,1.10536807526
5.8,1.56007399316e-05,3.2855702127e-05,6.55327304642e-05,0.000124462145886,0.000226151495663,0.00039476944629,0.000664434881597,0.00108174298792,0.00170843002112,0.00262405345084,0.00392854645514,0.00574449656453,0.00821899795071,0.0115249349019,0.0158615692361,0.0214543251429,0.0285536893461,0.0374331706302,0.0483862888627,0.061722588036,0.0777626891539,0.0968324158214,0.119256037136,0.145348677983,0.175407945038,0.209704806242,0.24847374016,0.291902135769,0.340118867006,0.393181879013,0.451064485515,0.513639853229,0.580662769626,0.651747109659,0.726336112092,0.80365986071,0.882668091184,0.961909748944,1.03927614978,1.11127206153
5.9,1.56311518763e-05,3.29479098057e-05,6.57659908069e-05,0.00012498730651,0.000227236130326,0.000396860827177,0.000668243347985,0.0010883471304,0.00171940353689,0.0026416116531,0.00395570839674,0.00578525674175,0.00827849976915,0.0116096366736,0.0159793925638,0.0216147752193,0.028767936991,0.0377140868053,0.0487484238924,0.0621820897516,0.0783371565695,0.0975406876252,0.120117917133,0.146384602527,0.176638600346,0.211150706195,0.250154777659,0.293837122915,0.342325081198,0.395674633519,0.453856744135,0.516741909261,0.584082009568,0.655487881701,0.730399718484,0.808044690998,0.887369908783,0.966922132142,1.04459105164,1.11688028402
6.0,1.56492369209e-05,3.30146729622e-05,6.59496064667e-05,0.000125420371517,0.000228157498286,0.000398674387399,0.000671596289572,0.00109422915904,0.00172926702283,0.00265751089237,0.00398045421577,0.00582258074261,0.00833322077488,0.011687820549,0.0160884956828,0.0217637615094,0.028967358751,0.0379761203558,0.0490868525417,0.0626122284671,0.0788757150399,0.0982055709734,0.120927966281,0.147359279006,0.177797623082,0.212513650397,0.251740648308,0.295663917426,0.344409357568,0.398031101655,0.456497899015,0.519677725157,0.587319714669,0.659031832121,0.734251389638,0.812202802279,0.89183069314,0.97167975128,1.04963812274,1.12220832346
6.1,1.56558237087e-05,3.30576302895e-05,6.60866556018e-05,0.000125766862808,0.000228925103794,0.000400225886368,0.000674518969671,0.00109942834831,0.00173807985016,0.00267183865093,0.00400290982001,0.00585664589455,0.00838340576159,0.0117598182349,0.0161893203635,0.0219018629403,0.0291527018972,0.0382202222232,0.049402768807,0.0630144844513,0.0793801777741,0.0988292615863,0.121688814567,0.148275824724,0.178888671169,0.213797889763,0.25323624615,0.297388102989,0.346378010926,0.400258364387,0.458995824541,0.522455987028,0.590385391163,0.662389285125,0.737902254795,0.816146105378,0.896063103567,0.976195972947,1.05443138982,1.12727081598
6.2,1.56517029468e-05,3.30783478142e-05,6.61800833828e-05,0.000126032068539,0.000229548054777,0.000401530432853,0.000677035614037,0.00110398236125,0.00174589894713,0.00268467878893,0.00402319585619,0.00588762202885,0.00842928903252,0.011825947004,0.0162822888318,0.0220296323739,0.0293246794388,0.0384472989315,0.0496973098586,0.0633902661887,0.0798522684044,0.0994138447129,0.122402957279,0.149137194552,0.179915208738,0.215007446393,0.254646197788,0.299014953794,0.348237001377,0.402363100018,0.461357942249,0.525084876366,0.593287988055,0.665569955064,0.741362781574,0.819885799479,0.900079040304,0.980483360556,1.0589840362,1.1320815183
6.3,1.56376274135e-05,3.30783187893e-05,6.62327016686e-05,0.000126221042485,0.000230035061923,0.000402602484096,0.000679169411052,0.001107927253,0.00175277881022,0.0026961115707,0.00404142776381,0.00591567158072,0.00847109457459,0.011886509982,0.0163678042223,0.0221475972969,0.0294839711408,0.038658214046,0.0499715580794,0.063740913167,0.0802936247148,0.0999613000265,0.123072761324,0.149946188931,0.180880516117,0.216146125858,0.255974877286,0.300549452357,0.349991955355,0.404351608703,0.463591249058,0.527572102163,0.596035933234,0.668582986572,0.744642820088,0.823432420072,0.903889696065,0.984553729172,1.06330845955,1.136653368
6.4,1.56143123018e-05,3.30589642374e-05,6.62471898713e-05,0.000126338605476,0.000230394441169,0.000403455850371,0.000680942520189,0.00111129748644,0.00175877153244,0.00270621371469,0.00405771586014,0.00594094972942,0.00850903628201,0.011941796494,0.0164462511001,0.0222562605861,0.0296312246196,0.0388537897073,0.050226543169,0.0640676987042,0.0807058023748,0.100473506469,0.123700471409,0.150705461656,0.181787699467,0.217217528975,0.25722642036,0.301996306404,0.351648185474,0.406229835504,0.465702343716,0.529924930909,0.598637167119,0.671436991883,0.747751643873,0.826795883367,0.907505603733,0.988418196211,1.06741632527,1.14099853919
6.5,1.55824358312e-05,3.30216340165e-05,6.62260967806e-05,0.000126389348491,0.000230634118969,0.000404103703911,0.000682376087127,0.00111412595759,0.00176392684549,0.00271505846208,0.00407216544982,0.0059636045695,0.00854331821792,0.0119920824555,0.016517996032,0.0223561013266,0.0297670564912,0.0390348082111,0.0504632442774,0.0643718327828,0.0810902786399,0.100952247009,0.124288216067,0.151417527385,0.18263970004,0.218225063051,0.258404737868,0.30335996486,0.353210709238,0.408003392033,0.467697451565,0.532150214607,0.601099173994,0.674140085513,0.750697987869,0.829985527453,0.9109366805,0.992087228321,1.07131861577,1.14512849389
6.6,1.55426400729e-05,3.2967608302e-05,6.61718431521e-05,0.000126377637094,0.000230761639754,0.000404558591329,0.000683490264158,0.00111644402869,0.00176829217263,0.00272271565992,0.00408487695331,0.0059837773056,0.0085741349044,0.0120376307958,0.0165833881939,0.0224475756652,0.0298920535501,0.0392020136095,0.0506825921437,0.0646544648604,0.0814484559896,0.10139921328,0.12483801349,0.152084768886,0.183439303037,0.219171952593,0.259513528598,0.304644632936,0.354684266649,0.40967757676,0.469582447705,0.534254416905,0.603429011191,0.676699916492,0.753490083658,0.833010150434,0.914192268744,0.995570684763,1.07502567612,1.1490540297
6.7,1.54955319403e-05,3.28980993929e-05,6.60867248933e-05,0.000126307616898,0.000230784175123,0.000404832448756,0.000684304234705,0.00111828156724,0.00177191268983,0.00272925185538,0.00409594604959,0.00600160246491,0.00860167163298,0.0120786919042,0.0166427600001,0.0225311176856,0.030006773964,0.0393561133156,0.0508854712195,0.0649166866367,0.0817816656813,0.101816010082,0.125351777157,0.152709443969,0.184189146069,0.220061249492,0.260556291382,0.305854286372,0.356073336761,0.411257394055,0.471362878655,0.536243637487,0.605633336258,0.679123698333,0.756135692186,0.8358780458,0.917281173893,0.998877857576,1.07854725628,1.15278532375
6.8,1.54416843035e-05,3.28142537657e-05,6.59729167093e-05,0.000126183219844,0.000230708534364,0.000404936619079,0.000684836240997,0.00111966698964,0.00177483139322,0.00273473039823,0.00410546382928,0.00601720812183,0.0086261047891,0.0121155040905,0.0166964277469,0.0226071402911,0.0301117484686,0.0394977796962,0.0510727217589,0.0651595347587,0.0820911712038,0.102204159734,0.125831321241,0.153293692136,0.184891727207,0.220895842675,0.261536336536,0.306992684852,0.357382153231,0.412747572025,0.473043982606,0.538123634822,0.607718432263,0.681418236888,0.758642134132,0.83859703523,0.920211699513,1.00201750877,1.08189255017,1.15633197347
6.9,1.53816371965e-05,3.271715431e-05,6.5832476089e-05,0.000126008171074,0.000230541175959,0.000404881870738,0.00068510361407,0.00112062730806,0.00177708917107,0.00273921154919,0.00411351695481,0.00603071613094,0.00864760218502,0.0121482940534,0.0167446922605,0.0226760360887,0.0302074815537,0.0396276516403,0.0512451418648,0.065383993453,0.0823781716186,0.102565106258,0.126278365792,0.153839540907,0.185549412643,0.221678467255,0.262456796673,0.30806338463,0.358614718927,0.414152579227,0.474630708345,0.539899847394,0.609690231361,0.683589956264,0.76101631813,0.841174499026,0.922991679845,1.0049979048,1.08507023192,1.15970303439
